ID,artistID,imageURL
1,8,http://sydney.emom.me.s3.amazonaws.com/gallery/no4-14-08-25/Glen_photos/04.jpg
2,7,http://sydney.emom.me.s3.amazonaws.com/gallery/no4-14-08-25/Glen_photos/08.jpg
3,10,http://sydney.emom.me.s3.amazonaws.com/gallery/no3-05-06-25/images/emomsyd2506-10.jpg
4,2,http://sydney.emom.me.s3.amazonaws.com/gallery/no4-14-08-25/Glen_photos/21.jpg
5,16,http://sydney.emom.me.s3.amazonaws.com/gallery/no4-14-08-25/Glen_photos/02.jpg
6,11,http://sydney.emom.me.s3.amazonaws.com/gallery/no6-13-11-25/bea_photos/giles/EMOM2511-17.jpg
7,1,http://sydney.emom.me.s3.amazonaws.com/gallery/no6-13-11-25/bea_photos/ivr909/EMOM2511-91.jpg
8,15,http://sydney.emom.me.s3.amazonaws.com/gallery/no6-13-11-25/bea_photos/klaus/EMOM2511-41.jpg
9,6,http://sydney.emom.me.s3.amazonaws.com/gallery/no6-13-11-25/bea_photos/burgertron/EMOM2511-77.jpg
10,22,http://sydney.emom.me.s3.amazonaws.com/gallery/no6-13-11-25/bea_photos/saturn/EMOM2511-50.jpg
11,32,http://sydney.emom.me.s3.amazonaws.com/gallery/no6-13-11-25/bea_photos/ton/EMOM2511-10.jpg
12,38,http://sydney.emom.me.s3.amazonaws.com/gallery/no5-09-10-25/Matt_photos/DSCF3378.jpg
13,27,http://sydney.emom.me.s3.amazonaws.com/gallery/no5-09-10-25/Matt_photos/DSCF3386.jpg
14,23,http://sydney.emom.me.s3.amazonaws.com/gallery/no5-09-10-25/Matt_photos/DSCF3454.jpg
15,3,http://sydney.emom.me.s3.amazonaws.com/gallery/no5-09-10-25/Matt_photos/DSCF3451.jpg
16,4,http://sydney.emom.me.s3.amazonaws.com/gallery/no5-09-10-25/Matt_photos/IMG_6707.jpeg
17,37,http://sydney.emom.me.s3.amazonaws.com/gallery/no3-05-06-25/images/emomsyd2506-09.jpg
18,14,http://sydney.emom.me.s3.amazonaws.com/gallery/no3-05-06-25/images/emomsyd2506-12.jpg
19,28,http://sydney.emom.me.s3.amazonaws.com/gallery/no3-05-06-25/images/emomsyd2506-15.jpg
20,21,http://sydney.emom.me.s3.amazonaws.com/gallery/no3-05-06-25/images/emomsyd2506-07.jpg
21,36,http://sydney.emom.me.s3.amazonaws.com/gallery/no3-05-06-25/images/emomsyd2506-05.jpg
22,20,http://sydney.emom.me.s3.amazonaws.com/gallery/no7-11-12-25/pingo_pics/signal-2025-12-12-182046_019.jpg
23,9,http://sydney.emom.me.s3.amazonaws.com/gallery/no7-11-12-25/pingo_pics/signal-2025-12-12-182046_006.jpg
24,39,http://sydney.emom.me.s3.amazonaws.com/gallery/no7-11-12-25/pingo_pics/signal-2025-12-12-182046_012.jpg
25,30,http://sydney.emom.me.s3.amazonaws.com/gallery/no7-11-12-25/pingo_pics/signal-2025-12-12-182046.jpg
26,13,http://sydney.emom.me.s3.amazonaws.com/gallery/no1-13-02-25/images/IdealLovers.jpeg
27,40,http://sydney.emom.me.s3.amazonaws.com/gallery/no8-09-01-26/david_photos/DSC09518.jpg
28,43,http://sydney.emom.me.s3.amazonaws.com/gallery/no8-09-01-26/duncan_photos/IMG_1237.jpeg
29,41,http://sydney.emom.me.s3.amazonaws.com/gallery/no8-09-01-26/david_photos/DSC09185.jpg
30,25,http://sydney.emom.me.s3.amazonaws.com/gallery/no8-09-01-26/mattys_photos/DSCF6129.jpg